{
  "aggregate": {
    "faithfulness": 0.8257575757575758,
    "answer_relevancy": 0.7630096270672757,
    "context_precision": 0.9249999999437499,
    "context_recall": 0.925
  },
  "num_questions": 20,
  "failures": []
}